seq,first,last
1,Jack,Padilla
2,Curtis,Payne
3,Landon,Ortiz
4,Joe,Perez
5,Jason,Griffith
6,Michael,Klein
7,Blake,Evans
8,Mitchell,Cooper
9,Troy,McGuire
10,Bertha,Diaz
11,Mabel,Gibson
12,Clayton,Armstrong
13,Lillian,Colon
14,Maggie,Rios
15,Hattie,Lopez
16,Christopher,Guzman
17,Alejandro,Castro
18,Lewis,Steele
19,Jessie,Roberts
20,Tony,Mitchell
21,Jordan,Frank
22,Estella,Wallace
23,Evelyn,Porter
24,Mollie,Thompson
25,Fanny,Powers
26,Douglas,Marshall
27,Maggie,Sanders
28,Lucinda,Barker
29,Ophelia,Reyes
30,Georgia,Evans
31,Jared,Sullivan
32,Max,Mitchell
33,Cody,Goodwin
34,Harriett,Berry
35,Daniel,Andrews
36,Brandon,Scott
37,Bruce,Stewart
38,Lilly,Dunn
39,Henrietta,Spencer
40,Vincent,Colon
41,Kevin,Walton
42,Inez,Clark
43,Arthur,Warner
44,Roger,Saunders
45,Cora,Pierce
46,Ora,Rivera
47,Alta,Crawford
48,Glen,Gibbs
49,Mabelle,Graves
50,Joe,Thompson
51,Loretta,Morton
52,Sophia,Hicks
53,Kevin,Turner
54,Lester,Rhodes
55,Gabriel,Patrick
56,Theresa,Allison
57,Abbie,Mullins
58,Ray,Richardson
59,Lura,Sanders
60,Dean,Hicks
61,Alberta,Roberts
